<?xml version='1.0' encoding='UTF-8'?>
<image h="1280" w="960"><stack><layer composite-op="svg:src-over" name="rosmah's_casted_shadow" opacity="0.5" src="data/000.png" visibility="hidden" x="166" y="353" /><layer composite-op="svg:src-over" name="rosmah" opacity="1.0" src="data/001.png" visibility="hidden" x="166" y="353" /><layer composite-op="svg:src-over" name="rosmah's_casted_shadow_copy" opacity="0.699999988079" src="data/002.png" visibility="hidden" x="166" y="353" /><layer composite-op="svg:src-over" name="rosmah_shadow" opacity="0.800000011921" src="data/003.png" visibility="hidden" x="166" y="353" /><layer composite-op="svg:src-over" name="mask" opacity="1.0" src="data/004.png" visibility="hidden" x="0" y="2" /><layer composite-op="svg:src-over" name="left_hand" opacity="1.0" src="data/005.png" visibility="hidden" x="398" y="602" /><layer composite-op="svg:src-over" name="left_hand_original" opacity="1.0" src="data/006.png" visibility="visible" x="398" y="601" /><layer composite-op="svg:src-over" name="snack's_shadow" opacity="0.600000023842" src="data/007.png" visibility="visible" x="380" y="552" /><layer composite-op="svg:src-over" name="snack" opacity="1.0" src="data/008.png" visibility="visible" x="380" y="552" /><layer composite-op="svg:src-over" name="box" opacity="1.0" src="data/009.png" visibility="hidden" x="90" y="599" /><layer composite-op="svg:src-over" name="obstacles" opacity="1.0" src="data/010.png" visibility="visible" x="88" y="553" /><layer composite-op="svg:src-over" name="right_hand copy" opacity="1.0" src="data/011.png" visibility="hidden" x="446" y="498" /><layer composite-op="svg:src-over" name="hand_with_snack copy" opacity="1.0" src="data/012.png" visibility="hidden" x="443" y="498" /><layer composite-op="svg:src-over" name="snack_ring_full" opacity="1.0" src="data/013.png" visibility="hidden" x="502" y="504" /><layer composite-op="svg:src-over" name="snack_ring_half" opacity="1.0" src="data/014.png" visibility="visible" x="502" y="506" /><layer composite-op="svg:src-over" name="hand_with_snack" opacity="1.0" src="data/015.png" visibility="visible" x="446" y="498" /><layer composite-op="svg:src-over" name="right_hand" opacity="1.0" src="data/016.png" visibility="hidden" x="446" y="498" /><layer composite-op="svg:src-over" name="right_hand_empty" opacity="1.0" src="data/017.png" visibility="hidden" x="446" y="498" /><layer composite-op="svg:src-over" name="face_mouth_closed" opacity="1.0" src="data/018.png" visibility="hidden" x="485" y="437" /><layer composite-op="svg:src-over" name="face_trolled" opacity="1.0" src="data/019.png" visibility="hidden" x="485" y="437" /><layer composite-op="svg:src-over" name="mouth_opened" opacity="1.0" src="data/020.png" visibility="hidden" x="504" y="493" /><layer composite-op="svg:src-over" name="face_prototype" opacity="1.0" src="data/021.png" visibility="hidden" x="485" y="437" /><layer composite-op="svg:src-over" name="face_original" opacity="1.0" src="data/022.png" visibility="hidden" x="485" y="437" /><layer composite-op="svg:src-over" name="main_layer" opacity="1.0" src="data/023.png" visibility="visible" x="0" y="0" /><layer composite-op="svg:src-over" name="main_layer_copy" opacity="1.0" src="data/024.png" visibility="hidden" x="0" y="-1" /><layer composite-op="svg:src-over" name="original" opacity="1.0" src="data/025.png" visibility="hidden" x="0" y="0" /></stack></image>